IDEPT4670,Aerospace Engineering
IDEPT5528,Biosciences and Bioengineering
IDEPT3115,Chemical Engineering
IDEPT5881,Chemistry
IDEPT4938,Civil Engineering
IDEPT1423,Computer Science & Engineering
IDEPT4132,Earth Sciences
IDEPT2054,Electrical Engineering
IDEPT2357,Energy Science and Engineering
IDEPT1537,Humanities & Social Science
IDEPT8379,Mathematics
IDEPT1825,Mechanical Engineering
IDEPT8313,Metallurgical Engineering & Materials Science
IDEPT2425,Physics
IDEPT1378,Industrial Design Centre
IDEPT5127,Application Software Centre (ASC)
IDEPT5408,Centre for Research in Nanotechnology and Science (CRNTS)
IDEPT1142,Centre for Aerospace Systems Design and Engineering (CASDE)
IDEPT1367,Computer Centre (CC)
IDEPT7783,Centre for Distance Engineering Education Programme (CDEEP)
IDEPT3062,Centre for Environmental Science and Engineering (CESE)
IDEPT1388,Centre for Policy Studies (CPS)
IDEPT7005,Centre of Studies in Resources Engineering (CSRE)
IDEPT1533,Centre for Technology Alternatives for Rural Areas (CTARA)
IDEPT3778,Centre for Formal Design and Verification of Software (CFDVS)
IDEPT4055,Centre for Urban Science and Engineering (C-USE)
IDEPT2601,Centre for Entrepreneurship (DSCE)
IDEPT1677,ABC-EDS Research Academy
IDEPT7626,National Centre for Aerospace Innovation and Research (NCAIR)
IDEPT5109,National Center of Excellence in Technology for Internal Security (NCETIS)
IDEPT1615,National Centre for Mathematics (NCM)
IDEPT3868,Center for Learning and Teaching (PPCCLT)
IDEPT6347,Sophisticated Analytical Instrument Facility (SAIF)
IDEPT8598,Technology and Design (TCTD)
IDEPT8473,Centre for Bioengineering (WRCB)
IDEPT1096,School of Management
IDEPT4308,Climate Studies
IDEPT1836,Educational Technology
IDEPT8825,Industrial Engineering and Operations Research (IEOR)
IDEPT5564,Systems and Control Engineering
